Tamanho Entrada;Aleatório (média)_Tempo(ms);Aleatório (média)_Comparacoes;Aleatório (média)_Trocas;Crescente_Tempo(ms);Crescente_Comparacoes;Crescente_Trocas;Decrescente_Tempo(ms);Decrescente_Comparacoes;Decrescente_Trocas;Quase ordenado (média)_Tempo(ms);Quase ordenado (média)_Comparacoes;Quase ordenado (média)_Trocas
1000;1.600000;8716;19952;1.000000;5044;19952;1.000000;4932;19952;0.600000;5044;19952
10000;5.200000;120429;267232;4.000000;69008;267232;3.000000;64608;267232;4.000000;69008;267232
100000;39.400000;1536399;3337856;31.000000;853904;3337856;34.000000;815024;3337856;31.200000;853904;3337856
1000000;438.200000;18674191;39902848;362.000000;10066432;39902848;302.000000;9884992;39902848;360.600000;10361623;39902848
10000000;4682.000000;220101061;466445568;3886.000000;118788160;466445568;3892.000000;114434624;466445568;3969.400000;121486146;466445568
