Tamanho Entrada;Aleatório (média)_Tempo(ms);Aleatório (média)_Comparacoes;Aleatório (média)_Trocas;Crescente_Tempo(ms);Crescente_Comparacoes;Crescente_Trocas;Decrescente_Tempo(ms);Decrescente_Comparacoes;Decrescente_Trocas;Quase ordenado (média)_Tempo(ms);Quase ordenado (média)_Comparacoes;Quase ordenado (média)_Trocas
1000;1.200000;252008;992;1.000000;999;0;1.000000;499500;999;0.400000;999;0
10000;11.600000;24960838;9988;1.000000;9999;0;24.000000;49995000;9999;0.200000;9999;0
100000;1186.600000;2501110518;99985;0.000000;99999;0;2455.000000;4999950000;99999;0.800000;99999;0
1000000;130845.000000;250107655426;999959;2.000000;999999;0;399585.000000;499999500000;999999;58302.200000;90000899999;100000
10000000;13736475;N/A;N/A;20;;;52546178;;;5830000
