Tamanho Entrada;Aleatório (média)_Tempo(ms);Aleatório (média)_Comparacoes;Aleatório (média)_Trocas;Crescente_Tempo(ms);Crescente_Comparacoes;Crescente_Trocas;Decrescente_Tempo(ms);Decrescente_Comparacoes;Decrescente_Trocas;Quase ordenado (média)_Tempo(ms);Quase ordenado (média)_Comparacoes;Quase ordenado (média)_Trocas
1000;0.600000;499500;992;0.000000;499500;0;2.000000;499500;500;0.600000;499500;0
10000;48.000000;49995000;9989;46.000000;49995000;0;47.000000;49995000;5000;49.400000;49995000;0
100000;4970.400000;4999950000;99987;5659.000000;4999950000;0;5481.000000;4999950000;50000;5866.600000;4999950000;0
1000000;612029.600000;499999500000;999958;659603.000000;499999500000;0;724594.000000;499999500000;500000;608811.800000;499999500000;999998
10000000;67323256;N/A;N/A;6596000;NaN;NaN;90574250;NaN;NaN;66969298
