Tamanho Entrada;Aleatório (média)_Tempo(ms);Aleatório (média)_Comparacoes;Aleatório (média)_Trocas;Crescente_Tempo(ms);Crescente_Comparacoes;Crescente_Trocas;Decrescente_Tempo(ms);Decrescente_Comparacoes;Decrescente_Trocas;Quase ordenado (média)_Tempo(ms);Quase ordenado (média)_Comparacoes;Quase ordenado (média)_Trocas
1000;0.600000;11112;1838;1.000000;6195;126;2.000000;8028;806;0.000000;6250;140
10000;1.400000;169876;26442;1.000000;103079;2046;0.000000;117907;8520;1.200000;103024;2162
100000;15.200000;2243124;367963;5.000000;1324586;16382;4.000000;1505129;83276;5.000000;1328141;17993
1000000;157.400000;28591434;6178110;93.000000;16196621;131070;49.000000;18194270;794869;122.800000;27096526;4105844
10000000;1296.400000;350728391;107440947;392.000000;203145745;2097150;406.000000;217763823;8410812;557.200000;317282066;45622385
