Tamanho Entrada;Aleatório (média)_Tempo(ms);Aleatório (média)_Comparacoes;Aleatório (média)_Trocas;Crescente_Tempo(ms);Crescente_Comparacoes;Crescente_Trocas;Decrescente_Tempo(ms);Decrescente_Comparacoes;Decrescente_Trocas;Quase ordenado (média)_Tempo(ms);Quase ordenado (média)_Comparacoes;Quase ordenado (média)_Trocas
1000;1.000000;2480;1000;2.000000;1000;1000;2.000000;1999;1000;2.400000;1000;1000
10000;2.200000;25232;10000;175.000000;10000;10000;151.000000;19999;10000;179.400000;10000;10000
100000;33.400000;272155;100000;23168.000000;100000;100000;23141.000000;199999;100000;23045.600000;100000;100000
1000000;3425.600000;2967139;1000000;2814170.000000;1000000;1000000;3956050.000000;1999999;1000000;3911844.200000;1199999;1000000
10000000;177293.000000;29966598;10000000;311660902;;;536042275;;;527.539.981;;
